<?xml version="1.0" encoding="UTF-8" ?>
<templates xml:space="preserve">
    <t t-name="ks_dashboard_ninja.add_svg">
        <svg width="14" height="14" viewBox="0 0 14 14" fill="none" xmlns="http://www.w3.org/2000/svg">
            <path d="M6.99984 12.8334C10.2082 12.8334 12.8332 10.2084 12.8332 7.00008C12.8332 3.79175 10.2082 1.16675 6.99984 1.16675C3.7915 1.16675 1.1665 3.79175 1.1665 7.00008C1.1665 10.2084 3.7915 12.8334 6.99984 12.8334Z" stroke="#241C1D" stroke-width="0.875" stroke-linecap="round" stroke-linejoin="round"/>
            <path d="M4.6665 7H9.33317" stroke="#241C1D" stroke-width="0.875" stroke-linecap="round" stroke-linejoin="round"/>
            <path d="M7 9.33341V4.66675" stroke="#241C1D" stroke-width="0.875" stroke-linecap="round" stroke-linejoin="round"/>
        </svg>
    </t>
    <t t-name="ks_dashboard_ninja.edit_svg">
        <svg xmlns="http://www.w3.org/2000/svg" width="16" height="16" viewBox="0 0 20 20" fill="none">
            <path d="M9.16675 1.66663H7.50008C3.33341 1.66663 1.66675 3.33329 1.66675 7.49996V12.5C1.66675 16.6666 3.33341 18.3333 7.50008 18.3333H12.5001C16.6667 18.3333 18.3334 16.6666 18.3334 12.5V10.8333" stroke="#4B5563" stroke-width="1.25" stroke-linecap="round" stroke-linejoin="round"/>
            <path d="M13.3666 2.51663L6.7999 9.0833C6.5499 9.3333 6.2999 9.82497 6.2499 10.1833L5.89157 12.6916C5.75823 13.6 6.3999 14.2333 7.30823 14.1083L9.81657 13.75C10.1666 13.7 10.6582 13.45 10.9166 13.2L17.4832 6.6333C18.6166 5.49997 19.1499 4.1833 17.4832 2.51663C15.8166 0.849966 14.4999 1.3833 13.3666 2.51663Z" stroke="#4B5563" stroke-width="1.25" stroke-miterlimit="10" stroke-linecap="round" stroke-linejoin="round"/>
            <path d="M12.425 3.45837C12.9834 5.45004 14.5417 7.00837 16.5417 7.57504" stroke="#4B5563" stroke-width="1.25" stroke-miterlimit="10" stroke-linecap="round" stroke-linejoin="round"/>
        </svg>
    </t>
    <t t-name="ks_dashboard_ninja.download_svg">
        <svg width="16" height="16" viewBox="0 0 16 16" fill="none" xmlns="http://www.w3.org/2000/svg">
            <path d="M14 3.98665C11.78 3.76665 9.54667 3.65332 7.32 3.65332C6 3.65332 4.68 3.71999 3.36 3.85332L2 3.98665" fill="#4B5563"/>
            <path d="M14 3.98665C11.78 3.76665 9.54667 3.65332 7.32 3.65332C6 3.65332 4.68 3.71999 3.36 3.85332L2 3.98665" stroke="#4B5563" stroke-linecap="round" stroke-linejoin="round"/>
            <path d="M5.66699 3.31337L5.81366 2.44004C5.92033 1.80671 6.00033 1.33337 7.12699 1.33337H8.87366C10.0003 1.33337 10.087 1.83337 10.187 2.44671L10.3337 3.31337" stroke="#4B5563" stroke-linecap="round" stroke-linejoin="round"/>
            <path d="M12.5669 6.09338L12.1336 12.8067C12.0603 13.8534 12.0003 14.6667 10.1403 14.6667H5.86026C4.00026 14.6667 3.94026 13.8534 3.86693 12.8067L3.43359 6.09338" stroke="#4B5563" stroke-linecap="round" stroke-linejoin="round"/>
            <path d="M6.88672 11H9.10672" stroke="#4B5563" stroke-linecap="round" stroke-linejoin="round"/>
            <path d="M6.33301 8.33337H9.66634" stroke="#4B5563" stroke-linecap="round" stroke-linejoin="round"/>
        </svg>
    </t>
    <t t-name="ks_dashboard_ninja.trash_svg">
        <svg width="16" height="16" viewBox="0 0 16 16" fill="none" xmlns="http://www.w3.org/2000/svg">
            <path d="M6 7.33337V11.3334L7.33333 10" fill="#4B5563"/>
            <path d="M6 7.33337V11.3334L7.33333 10" stroke="#4B5563" stroke-linecap="round" stroke-linejoin="round"/>
            <path d="M6.00033 11.3333L4.66699 10" stroke="#4B5563" stroke-linecap="round" stroke-linejoin="round"/>
            <path d="M14.6663 6.66671V10C14.6663 13.3334 13.333 14.6667 9.99967 14.6667H5.99967C2.66634 14.6667 1.33301 13.3334 1.33301 10V6.00004C1.33301 2.66671 2.66634 1.33337 5.99967 1.33337H9.33301" stroke="#4B5563" stroke-linecap="round" stroke-linejoin="round"/>
            <path d="M14.6663 6.66671H11.9997C9.99967 6.66671 9.33301 6.00004 9.33301 4.00004V1.33337L14.6663 6.66671Z" stroke="#4B5563" stroke-linecap="round" stroke-linejoin="round"/>
        </svg>
    </t>
</templates>